{
    "1": {
        "name": "Single Phy-GCN",
        "rmse": 119.02176732365848,
        "mae": 51.862756709215816,
        "r2": 0.8533078613870486,
        "residual": 116.80837011833363
    },
    "2": {
        "name": "Single Adp-GCN",
        "rmse": 112.58558638174146,
        "mae": 45.40514223478682,
        "r2": 0.8687438567782223,
        "residual": 104.67016675866802
    },
    "3": {
        "name": "Single Transformer",
        "rmse": 80.25720068635488,
        "mae": 30.62202996572378,
        "r2": 0.9333005786339045,
        "residual": 83.20548603133517
    },
    "4": {
        "name": "Trans + Phy-GCN",
        "rmse": 75.33209281016052,
        "mae": 25.161987377203044,
        "r2": 0.9412356256973317,
        "residual": 69.83956370534204
    },
    "5": {
        "name": "Trans + Adp-GCN",
        "rmse": 74.19758530231339,
        "mae": 24.868382127752213,
        "r2": 0.942992290191717,
        "residual": 73.5177006251119
    },
    "6": {
        "name": "Trans + Dual-GCN",
        "rmse": 72.41665878651595,
        "mae": 24.415804824799537,
        "r2": 0.945696100481044,
        "residual": 69.86899147246922
    },
    "7": {
        "name": "Classic (GRU+GCN)",
        "rmse": 75.22521918604603,
        "mae": 25.170356223255244,
        "r2": 0.9414022454324952,
        "residual": 69.4113787645959
    },
    "8": {
        "name": "PASTG w/o Adaptive",
        "rmse": 42.403857329426465,
        "mae": 16.829448943730807,
        "r2": 0.9813806386692373,
        "residual": 38.237945142017765
    },
    "9": {
        "name": "PASTG w/o Concat",
        "rmse": 82.12195682116902,
        "mae": 26.168635654015773,
        "r2": 0.9301650817093948,
        "residual": 51.169785660159434
    },
    "10": {
        "name": "PASTG w/o Fault Weight",
        "rmse": 40.97707152810694,
        "mae": 16.38872843941062,
        "r2": 0.9826125503081349,
        "residual": 36.85743673586039
    },
    "11": {
        "name": "PASTG w/o Physics Loss",
        "rmse": 41.01535633511649,
        "mae": 17.29823371976439,
        "r2": 0.9825800450020904,
        "residual": 60.55427566962066
    },
    "12": {
        "name": "PASTG (Proposed)",
        "rmse": 34.69966587582489,
        "mae": 13.05301132992307,
        "r2": 0.9875317748331691,
        "residual": 29.410778784068473
    }
}