{
    "1": {
        "name": "Single Phy-GCN",
        "rmse": 119.86082810269679,
        "r2": 0.8512323172143632,
        "residual": 114.58857539013546
    },
    "2": {
        "name": "Single Adp-GCN",
        "rmse": 109.59244358373266,
        "r2": 0.8756301038257338,
        "residual": 98.91343154477731
    },
    "3": {
        "name": "Single Transformer",
        "rmse": 80.94310641821166,
        "r2": 0.9321556343645666,
        "residual": 82.55919152568082
    },
    "4": {
        "name": "Trans + Phy-GCN",
        "rmse": 76.05709579313981,
        "r2": 0.940099075280667,
        "residual": 73.38474064321377
    },
    "5": {
        "name": "Trans + Adp-GCN",
        "rmse": 74.9937147395253,
        "r2": 0.9417623578219431,
        "residual": 70.96239872080822
    },
    "6": {
        "name": "Trans + Dual-GCN",
        "rmse": 73.02273852676281,
        "r2": 0.9447833209682894,
        "residual": 73.47674494862844
    },
    "7": {
        "name": "Classic (GRU+GCN)",
        "rmse": 76.16327229492911,
        "r2": 0.939931713907297,
        "residual": 70.69287283237354
    },
    "8": {
        "name": "PASTG w/o Adaptive",
        "rmse": 42.845950612358074,
        "r2": 0.9809903720768455,
        "residual": 39.72737738022418
    },
    "9": {
        "name": "PASTG w/o Concat",
        "rmse": 83.44116404526322,
        "r2": 0.927903404217912,
        "residual": 52.72447249967675
    },
    "10": {
        "name": "PASTG w/o Fault Weight",
        "rmse": 40.505665005081674,
        "r2": 0.9830103049388722,
        "residual": 34.46803733918412
    },
    "11": {
        "name": "PASTG w/o Physics Loss",
        "rmse": 41.74232497729858,
        "r2": 0.9819570593524163,
        "residual": 59.818231824138174
    },
    "12": {
        "name": "PASTG (Proposed)",
        "rmse": 34.69966587582489,
        "r2": 0.9875317748331691,
        "residual": 29.410778784068473
    }
}